{"cameraMode":{"drawMode":0,"name":"Shaded","section":"Shading Mode"},"sceneLighting":false,"audioPlay":false,"sceneViewState":{"m_AlwaysRefresh":false,"showFog":true,"showSkybox":false,"showFlares":true,"showImageEffects":true,"showParticleSystems":true,"showVisualEffectGraphs":true,"m_FxEnabled":true},"in2DMode":false,"pivot":{"x":-63.745201110839847,"y":0.4128486216068268,"z":61.89940643310547},"rotation":{"x":-0.0033020826522260906,"y":-0.9803413152694702,"z":0.19668415188789369,"w":-0.01647607982158661},"size":0.47497183084487917,"orthographic":false}