{"cameraMode":{"drawMode":0,"name":"Shaded","section":"Shading Mode"},"sceneLighting":false,"audioPlay":false,"sceneViewState":{"m_AlwaysRefresh":false,"showFog":true,"showSkybox":false,"showFlares":true,"showImageEffects":true,"showParticleSystems":true,"showVisualEffectGraphs":true,"m_FxEnabled":true},"in2DMode":false,"pivot":{"x":-66.84400177001953,"y":0.4128486216068268,"z":61.46083450317383},"rotation":{"x":-0.0033020826522260906,"y":-0.9803413152694702,"z":0.19668415188789369,"w":-0.01647607982158661},"size":0.474972665309906,"orthographic":false}